feature,coefficient,odds_ratio
discharge_group_Home,-0.5554955041730335,0.5737878764581213
a1c_result_cat_none,-0.5005171721561131,0.6062170600430995
glu_serum_cat_none,-0.48003162865967147,0.6187638208263346
medical_specialty_group_Orthopedics-Reconstructive,-0.36996803799109135,0.6907564082470045
discharge_group_Home_Health,-0.3683604915450018,0.6918677242629291
diag_2_group_Neoplasms,0.363346381219655,1.4381339155572508
admission_source_group_Other,-0.32289454213733965,0.7240502071291477
diag_1_group_Respiratory,-0.3061679201717908,0.7362629756698901
medical_specialty_group_Nephrology,0.2910326232931558,1.3378082269481162
diabetesMed,0.277209031400608,1.3194421470510507
diag_2_group_Musculoskeletal,-0.2729008571133764,0.761168248305521
payer_code_group_BC,-0.26805550032110653,0.7648653296534413
admission_type_group_Other,-0.24624095996180026,0.7817338356740734
any_prior_inpatient,0.23921685903264842,1.2702539727650968
admission_source_group_Emergency_Room,-0.22352844884364748,0.799692141227291
admission_type_group_Elective,-0.20646413431312294,0.8134554360717328
discharge_group_Other,0.20028687877260945,1.2217532029494746
glu_tested,-0.1984479724775468,0.8200024323255665
diag_2_group_Respiratory,-0.19142062498903695,0.8257851692120257
diag_2_group_Genitourinary,-0.1865765811602349,0.8297950128532037
medical_specialty_group_Emergency/Trauma,-0.18400826210568005,0.8319289303135364
medical_specialty_group_Radiologist,-0.18122226414929712,0.8342499142402361
glu_serum_cat_Norm,-0.17901814344994296,0.8360907296891186
a1c_tested,-0.17796242898112846,0.836973868859069
diag_3_group_Unknown,-0.17085734311931566,0.8429418163447976
payer_code_group_HM,-0.16961969270987606,0.8439857294954459
diag_3_group_Musculoskeletal,-0.16296522844421452,0.8496207305356028
payer_code_group_Other,-0.15335068582861963,0.8578288406393023
medical_specialty_group_Cardiology,-0.14260083136645463,0.8671001189943676
diag_3_group_Other,-0.14210898208661588,0.8675267064632128
number_inpatient,0.13918113365411075,1.14933226390304
diag_2_group_Other,-0.13214344610539797,0.8762152963923376
admission_source_group_Physician_Referral,-0.13205661015626274,0.8762913866828852
diag_3_group_Neoplasms,0.12882378456640434,1.1374896632698748
diag_2_group_Digestive,-0.12680455394174428,0.8809058253445791
admission_type_group_Emergency,-0.12108886423581101,0.8859552263604898
diag_3_group_Circulatory,-0.12088809126010919,0.8861331200851534
diag_1_group_Musculoskeletal,-0.1049485226192981,0.9003708701273848
admission_type_group_Urgent,-0.10468564262652408,0.9006075907284096
diag_1_group_Digestive,-0.10045063693694294,0.9044297567339835
diag_3_group_Respiratory,-0.10023427987265539,0.9046254576708814
a1c_result_cat_>8,-0.09668793043112893,0.9078392709416975
diag_1_group_Genitourinary,-0.09236768391235523,0.9117698448020837
age_midpoint,0.09222515819425385,1.096611705397258
payer_code_group_MD,-0.09104532988667495,0.9129763248479181
diag_1_group_Neoplasms,-0.0887391545219538,0.9150842380313484
diag_2_group_Unknown,-0.08817670178935186,0.9155990744335882
medical_specialty_group_Other,-0.08696803020538763,0.9167064020800836
number_diagnoses,0.08213046413669914,1.0855974321228177
diag_3_group_Diabetes,-0.07826541306384918,0.9247189614773974
diag_3_group_Genitourinary,-0.06657150171493408,0.935596016744976
num_medications,0.06624944980936393,1.068493219355026
payer_code_group_MC,-0.06549175137186178,0.9366067724487424
diag_1_group_Other,-0.06510757123940118,0.9369666672904426
n_distinct_diag_groups,0.06315612336483148,1.0651931277855087
glu_serum_cat_>200,-0.05245177232900836,0.948900083193308
a1c_result_cat_Norm,-0.050446029240431754,0.9508052429687431
medical_specialty_group_Orthopedics,-0.04837827686378975,0.9527733068027294
diag_1_group_Circulatory,0.04660724193104077,1.0477104315338277
prior_visits_total,0.04632990124710077,1.0474198990962698
diag_1_group_Injury,0.045469611780030554,1.046519202275022
discharge_group_SNF,0.045089515808162305,1.0461215001290345
payer_code_group_Unknown,0.043807159803635094,1.044780859714738
diag_3_group_Digestive,0.04297910304036333,1.043916079950494
num_procedures,-0.04149259863690384,0.959356435860516
diag_2_group_Injury,-0.033829526573242515,0.9667362934397652
number_outpatient,-0.03351611197226094,0.9670393301950193
glu_serum_cat_>300,0.033021943301405336,1.033573219001139
medical_specialty_group_Family/GeneralPractice,0.03212892731407606,1.0326506335955659
medical_specialty_group_InternalMedicine,0.03197982366336593,1.0324966730945104
diag_2_group_Circulatory,-0.0312205688189211,0.969261760574952
a1c_result_cat_>7,-0.030828469309579026,0.9696418821535696
number_emergency,0.030289251068193038,1.0307526371394413
change,-0.030129084930496482,0.9703202717391394
diag_1_group_Diabetes,-0.02938484439917502,0.9710426922076818
medical_specialty_group_Unknown,-0.026043382505172335,0.9742928214285412
payer_code_group_SP,0.025276199177233824,1.0255983508293112
time_in_hospital,0.02217885469571725,1.0224266339227126
diag_2_group_Diabetes,0.02124687813438066,1.0214742001561226
n_meds_steady,-0.018306403996606123,0.9818601403922799
diag_1_group_Unknown,0.016609878952563613,1.0167485899185629
n_meds_active,-0.013276215300610959,0.9868115249304769
n_meds_changed,0.008731894107957505,1.0087701282999273
diag_3_group_Injury,-0.008391649182334487,0.9916434624222656
num_lab_procedures,-0.0055052987334436474,0.994509827652474
medical_specialty_group_Surgery-General,0.0034410366539422512,1.0034469638171477
medical_specialty_group_Pulmonology,0.0021270731250576675,1.0021293369499198
